{
    "config": "configs/pcam/pcam_r18_512x512_4k_flaw.py",
    "metric": {
        "aAcc": 0.9494,
        "mFscore": 0.8311,
        "mPrecision": 0.8906999999999999,
        "mRecall": 0.7902,
        "mIoU": 0.7364,
        "mAcc": 0.7902,
        "Fscore.unchanged": 0.9725,
        "Fscore.changed": 0.689800033569336,
        "Precision.unchanged": 0.9587000274658203,
        "Precision.changed": 0.822699966430664,
        "Recall.unchanged": 0.9866000366210937,
        "Recall.changed": 0.5938999938964844,
        "IoU.unchanged": 0.9463999938964843,
        "IoU.changed": 0.5265000152587891,
        "Acc.unchanged": 0.9866000366210937,
        "Acc.changed": 0.5938999938964844
    }
}